Model,mean_fit_time (s),std_fit_time (s),mean_score_time (s),std_score_time (s),param_criterion,param_max_features,param_n_estimators,params,split0_val_accuracy,split1_val_accuracy,split2_val_accuracy,split3_val_accuracy,split4_val_accuracy,split5_val_accuracy,split6_val_accuracy,split7_val_accuracy,split8_val_accuracy,split9_val_accuracy,mean_val_accuracy,std_val_accuracy,rank_val_accuracy,split0_train_accuracy,split1_train_accuracy,split2_train_accuracy,split3_train_accuracy,split4_train_accuracy,split5_train_accuracy,split6_train_accuracy,split7_train_accuracy,split8_train_accuracy,split9_train_accuracy,mean_train_accuracy,std_train_accuracy,split0_val_kappa,split1_val_kappa,split2_val_kappa,split3_val_kappa,split4_val_kappa,split5_val_kappa,split6_val_kappa,split7_val_kappa,split8_val_kappa,split9_val_kappa,mean_val_kappa,std_val_kappa,rank_val_kappa,split0_train_kappa,split1_train_kappa,split2_train_kappa,split3_train_kappa,split4_train_kappa,split5_train_kappa,split6_train_kappa,split7_train_kappa,split8_train_kappa,split9_train_kappa,mean_train_kappa,std_train_kappa,mean train - cross_val accuracy,mean train - cross_val kappa,
RandomForestClassifier,5.894516277,1.391285423,1.104623842,0.376693579,gini,sqrt,10,"{'criterion': 'gini', 'max_features': 'sqrt', 'n_estimators': 10}",0.664888458,0.689907362,0.754781756,0.771878073,0.77382716,0.735483871,0.83808096,0.855691057,0.881469979,0.860773481,0.780759392,0.070533552,2,0.964195804,0.964441463,0.963124371,0.964307658,0.96549799,0.969032474,0.968666369,0.968223051,0.967175785,0.967782865,0.966244783,0.002056179,0.664467764,0.689514994,0.754467097,0.771580426,0.773533019,0.735137743,0.837871861,0.855505114,0.881318282,0.860590586,0.780477466,0.07062171,2,0.964150209,0.964396175,0.963077366,0.964262028,0.965453969,0.968992991,0.968626461,0.968182628,0.967134019,0.967741849,0.96620177,0.002058824,0.185485391,0.185724304,
RandomForestClassifier,29.15364833,2.022423105,1.569702697,0.554609986,gini,0.3,10,"{'criterion': 'gini', 'max_features': 0.3, 'n_estimators': 10}",0.669738118,0.708922477,0.78077489,0.799901672,0.785679012,0.735980149,0.828585707,0.853658537,0.875776398,0.868508287,0.788985304,0.065639884,1,0.96386014,0.964050095,0.963012627,0.963693236,0.963767307,0.968530298,0.967662801,0.966887417,0.966564843,0.967065703,0.965509447,0.001913499,0.669322812,0.708551671,0.780497127,0.799640832,0.785404424,0.735635126,0.828364261,0.853469974,0.875616746,0.868334427,0.788714331,0.065721809,1,0.963814122,0.964004139,0.962965589,0.963646681,0.963721141,0.968490179,0.967621617,0.966845216,0.966522202,0.967023863,0.965465475,0.001915968,0.176524143,0.176751144,
RandomForestClassifier,11.27199693,2.148143536,1.212757325,0.412917266,entropy,sqrt,10,"{'criterion': 'entropy', 'max_features': 'sqrt', 'n_estimators': 10}",0.625121242,0.636762555,0.714075527,0.739921337,0.722962963,0.712655087,0.809095452,0.837398374,0.85300207,0.841436464,0.747053218,0.078565479,4,0.964531469,0.964329643,0.963571349,0.963860805,0.964995534,0.96975784,0.968554862,0.968111748,0.967120244,0.967396701,0.966223019,0.002103488,0.624644173,0.636298785,0.713709876,0.739583759,0.722598472,0.712277951,0.80884768,0.837187934,0.852814334,0.841226906,0.746726334,0.07866498,4,0.964486311,0.964284228,0.96352502,0.963814677,0.964950696,0.969719213,0.968514867,0.968071057,0.967078344,0.96735528,0.966179969,0.002106168,0.219169801,0.219453635,
RandomForestClassifier,26.85250051,1.30521876,0.692149806,0.146035263,entropy,0.3,10,"{'criterion': 'entropy', 'max_features': 0.3, 'n_estimators': 10}",0.650824442,0.686006826,0.750367827,0.769419862,0.770864198,0.714640199,0.814092954,0.831808943,0.861801242,0.86519337,0.769524001,0.06895893,3,0.963972028,0.964217824,0.963068499,0.963637379,0.965330505,0.968976677,0.968554862,0.967332628,0.966675923,0.966734705,0.965850103,0.001996209,0.6503842,0.685610719,0.750046361,0.769121188,0.770563234,0.714266655,0.813852319,0.83159127,0.86162478,0.865014507,0.769227072,0.069044863,3,0.963926153,0.964172273,0.963021496,0.96359098,0.965286085,0.968937126,0.968514877,0.967290876,0.966633424,0.96669237,0.965806566,0.001998752,0.196326102,0.196579494,
Gini criterion better,,,,,,,,,,,,,,,,,,,,,,,,,,,,,,,,,,,,,,,,,,,,,,,,,,,,,,,,,,,,,
,,,,,,,,,,,,,,,,,,,,,,,,,,,,,,,,,,,,,,,,,,,,,,,,,,,,,,,,,,,,,
Model,mean_fit_time (s),std_fit_time (s),mean_score_time (s),std_score_time (s),param_criterion,param_max_depth,param_max_features,param_n_estimators,params,split0_val_accuracy,split1_val_accuracy,split2_val_accuracy,split3_val_accuracy,split4_val_accuracy,split5_val_accuracy,split6_val_accuracy,split7_val_accuracy,split8_val_accuracy,split9_val_accuracy,mean_val_accuracy,std_val_accuracy,rank_val_accuracy,split0_train_accuracy,split1_train_accuracy,split2_train_accuracy,split3_train_accuracy,split4_train_accuracy,split5_train_accuracy,split6_train_accuracy,split7_train_accuracy,split8_train_accuracy,split9_train_accuracy,mean_train_accuracy,std_train_accuracy,split0_val_kappa,split1_val_kappa,split2_val_kappa,split3_val_kappa,split4_val_kappa,split5_val_kappa,split6_val_kappa,split7_val_kappa,split8_val_kappa,split9_val_kappa,mean_val_kappa,std_val_kappa,rank_val_kappa,split0_train_kappa,split1_train_kappa,split2_train_kappa,split3_train_kappa,split4_train_kappa,split5_train_kappa,split6_train_kappa,split7_train_kappa,split8_train_kappa,split9_train_kappa,mean_train_kappa,std_train_kappa,mean train - cross_val accuracy,mean train - cross_val kappa
RandomForestClassifier,0.47098372,0.082845581,0.639490485,0.121965668,gini,5,sqrt,10,"{'criterion': 'gini', 'max_depth': 5, 'max_features': 'sqrt', 'n_estimators': 10}",0.059650824,0.078985861,0.066699362,0.073254671,0.065185185,0.078908189,0.074962519,0.078252033,0.070910973,0.070718232,0.071725937,0.006188366,35,0.071440559,0.097226881,0.080400045,0.077919902,0.070511389,0.076777145,0.075490633,0.086649229,0.079977784,0.077398356,0.079379192,0.007364771,0.057061418,0.076528891,0.064197073,0.070851823,0.062661156,0.076398908,0.072444405,0.076081446,0.068740643,0.068223331,0.069290524,0.006246068,35,0.068817805,0.094950158,0.078078477,0.075621939,0.068040061,0.074231284,0.072961956,0.084371664,0.077708232,0.075009991,0.076979157,0.007451641,0.007653256,0.007688633
RandomForestClassifier,1.661080265,0.520816478,4.541142583,1.008718951,gini,5,sqrt,30,"{'criterion': 'gini', 'max_depth': 5, 'max_features': 'sqrt', 'n_estimators': 30}",0.095538312,0.114578255,0.102501226,0.115044248,0.10962963,0.133498759,0.123438281,0.113821138,0.120600414,0.103867403,0.113256759,0.010546079,17,0.122965035,0.146706922,0.128729467,0.135731442,0.120701206,0.142841201,0.130965656,0.127052145,0.122299361,0.126496387,0.130448882,0.008328398,0.093226296,0.112352701,0.100251379,0.11288562,0.107340416,0.131498965,0.121193418,0.111705805,0.118510178,0.10178067,0.111077615,0.010607703,17,0.120795898,0.144700805,0.126666884,0.133751595,0.118572751,0.140732704,0.128727567,0.124870657,0.120096204,0.124441014,0.128335608,0.00837258,0.017192123,0.017257993
RandomForestClassifier,7.340677834,1.763459181,18.20208619,4.381126744,gini,5,sqrt,100,"{'criterion': 'gini', 'max_depth': 5, 'max_features': 'sqrt', 'n_estimators': 100}",0.135305529,0.141394442,0.144678764,0.173058014,0.178271605,0.153846154,0.168415792,0.160569106,0.172877847,0.167403315,0.159351959,0.014338389,9,0.192335664,0.182209549,0.184545759,0.182427526,0.198414471,0.168452182,0.180530776,0.173187156,0.178617051,0.173884261,0.18146044,0.008489611,0.133143609,0.139248805,0.14262582,0.171017596,0.176286557,0.151911952,0.166552817,0.158638527,0.170950607,0.16544053,0.157349895,0.014404267,9,0.190437758,0.180278828,0.182679471,0.180493394,0.196555644,0.166428472,0.178572017,0.171173921,0.176608466,0.171922289,0.179515026,0.008538513,0.022108481,0.022165131
RandomForestClassifier,1.136546111,0.294289985,2.452936196,0.579916762,gini,5,log2,10,"{'criterion': 'gini', 'max_depth': 5, 'max_features': 'log2', 'n_estimators': 10}",0.076624636,0.070697221,0.085826385,0.087512291,0.086419753,0.098759305,0.087456272,0.092479675,0.085403727,0.082872928,0.085368912,0.007400737,28,0.100979021,0.093033658,0.095876634,0.092051611,0.090330505,0.096864189,0.095227475,0.105014191,0.092252152,0.089259116,0.095088855,0.004638117,0.074365544,0.068601764,0.083480814,0.085300025,0.084158864,0.096654806,0.08546389,0.090523361,0.083187731,0.080591034,0.083196791,0.007434367,28,0.098916464,0.091000232,0.093593766,0.089869942,0.088040226,0.094705062,0.093136704,0.102974487,0.089962087,0.087055838,0.092925481,0.004697612,0.009719943,0.00972869
RandomForestClassifier,2.01392622,0.599008881,6.530136871,1.803167477,gini,5,log2,30,"{'criterion': 'gini', 'max_depth': 5, 'max_features': 'log2', 'n_estimators': 30}",0.119786615,0.122866894,0.132908288,0.153883972,0.172345679,0.164764268,0.156921539,0.144817073,0.180124224,0.171823204,0.151577469,0.020259791,10,0.171468531,0.18209773,0.162867359,0.184605932,0.17507816,0.177658743,0.168487957,0.162056876,0.174507081,0.179897391,0.173872576,0.007285923,0.117832996,0.120904572,0.130922223,0.152003159,0.170560836,0.163014529,0.155149337,0.143007953,0.178392356,0.170055192,0.149735624,0.020343148,10,0.16970797,0.180359002,0.161044304,0.182887241,0.173356566,0.175831915,0.166649504,0.160180975,0.172683957,0.178119842,0.172082128,0.007323793,0.022295107,0.022346504
RandomForestClassifier,5.560759425,1.017856702,18.9638941,2.652225446,gini,5,log2,100,"{'criterion': 'gini', 'max_depth': 5, 'max_features': 'log2', 'n_estimators': 100}",0.179922405,0.201365188,0.195684159,0.228613569,0.223209877,0.239702233,0.266866567,0.263211382,0.272256729,0.254696133,0.231830265,0.030804107,5,0.290181818,0.291009728,0.252542183,0.273194437,0.263957124,0.273127999,0.282783229,0.279759586,0.274201611,0.263750207,0.274450792,0.011520735,0.17820376,0.19963607,0.193916504,0.22697696,0.221554889,0.238251239,0.265446259,0.261782608,0.270835565,0.253263792,0.230260793,0.030935653,5,0.288787518,0.289582983,0.250953788,0.271721144,0.262470655,0.271665821,0.281331101,0.278280123,0.272702626,0.262250712,0.272974647,0.011564927,0.042620527,0.042713854
RandomForestClassifier,5.45099628,0.906343395,2.481365371,0.5127737,gini,5,0.3,10,"{'criterion': 'gini', 'max_depth': 5, 'max_features': 0.3, 'n_estimators': 10}",0.038312318,0.040468064,0.051495831,0.05653884,0.047901235,0.058560794,0.046976512,0.054369919,0.051242236,0.04640884,0.049204996,0.006277835,50,0.048503497,0.045007268,0.057883562,0.059487237,0.051027244,0.059926348,0.050457181,0.05526184,0.053929464,0.055000827,0.053648447,0.004627591,0.035969266,0.038082135,0.049156413,0.053939042,0.04516687,0.056268537,0.04418857,0.051956376,0.048811402,0.043807995,0.046713578,0.006289412,50,0.046105906,0.042621716,0.055557059,0.057037509,0.048470191,0.057397614,0.047666386,0.052693863,0.051613694,0.052428276,0.051159221,0.004635092,0.004443451,0.004445643
RandomForestClassifier,11.65677776,2.327087994,4.845044971,1.050415187,gini,5,0.3,30,"{'criterion': 'gini', 'max_depth': 5, 'max_features': 0.3, 'n_estimators': 30}",0.054801164,0.067284252,0.073565473,0.062438545,0.060740741,0.062034739,0.062468766,0.06097561,0.061594203,0.057458564,0.062396549,0.00489387,42,0.068811189,0.070669798,0.076991843,0.069876557,0.06157883,0.071309006,0.064395629,0.065946909,0.070424882,0.062227616,0.068223226,0.004474934,0.052485998,0.06469307,0.071007433,0.059795071,0.058048318,0.059722851,0.060101885,0.058611336,0.058822581,0.054962772,0.059885999,0.004848932,42,0.066506569,0.068216959,0.074559845,0.067208412,0.059048785,0.068797524,0.062018256,0.063433045,0.067767084,0.05973706,0.065729354,0.004473324,0.005826677,0.005843355
RandomForestClassifier,31.09584057,7.067016755,15.77786045,5.673167331,gini,5,0.3,100,"{'criterion': 'gini', 'max_depth': 5, 'max_features': 0.3, 'n_estimators': 100}",0.058680892,0.074597757,0.081902894,0.080629302,0.082469136,0.082382134,0.077461269,0.071646341,0.066770186,0.061878453,0.073983047,0.008349802,34,0.083300699,0.084535391,0.085652028,0.087862369,0.085417597,0.086820667,0.082125335,0.080972786,0.077645099,0.078115518,0.083244749,0.00332227,0.056381459,0.072020699,0.079347223,0.078055442,0.079911455,0.080129937,0.075175308,0.069323871,0.06438165,0.059361547,0.071550094,0.008316913,34,0.081044375,0.082113093,0.083218214,0.085451502,0.083014733,0.084382611,0.079670418,0.078516689,0.075164089,0.075665685,0.080824141,0.003340907,0.009261702,0.009274047
RandomForestClassifier,6.781634307,2.076229712,1.878844166,0.663709491,gini,5,0.5,10,"{'criterion': 'gini', 'max_depth': 5, 'max_features': 0.5, 'n_estimators': 10}",0.037342386,0.03949293,0.049534085,0.046705998,0.042962963,0.043176179,0.048475762,0.045731707,0.047101449,0.047513812,0.044740934,0.003813359,52,0.048447552,0.048473667,0.046653257,0.048092498,0.044383653,0.048376297,0.052687333,0.047248038,0.058650375,0.049760026,0.04927727,0.003717755,0.034998336,0.036730165,0.046823938,0.043955596,0.040174275,0.040387785,0.046086452,0.043254015,0.044648716,0.044901365,0.042132207,0.003815286,52,0.04610567,0.045659955,0.043878273,0.045515521,0.041552389,0.045574072,0.050436798,0.044608259,0.056077454,0.047157626,0.046656602,0.003808306,0.004536336,0.004524395
RandomForestClassifier,20.10521293,4.326141842,5.415869999,0.865089331,gini,5,0.5,30,"{'criterion': 'gini', 'max_depth': 5, 'max_features': 0.5, 'n_estimators': 30}",0.03928225,0.054119941,0.05590976,0.063421829,0.055802469,0.05955335,0.055472264,0.056402439,0.051759834,0.049171271,0.05412048,0.006217483,46,0.053146853,0.059711506,0.068555146,0.06283863,0.056554265,0.061321281,0.060381356,0.064444321,0.055429047,0.055276659,0.059765907,0.004521825,0.036917492,0.051438145,0.053605189,0.061113394,0.053077827,0.057191816,0.053080844,0.054027386,0.049329305,0.046603056,0.051670244,0.00623609,46,0.050790019,0.057162513,0.066297258,0.060501461,0.053990966,0.058742587,0.057793111,0.061911981,0.052854792,0.052729609,0.05727743,0.004569314,0.005645427,0.005607186
RandomForestClassifier,44.65413156,5.368665496,14.52537491,4.234951381,gini,5,0.5,100,"{'criterion': 'gini', 'max_depth': 5, 'max_features': 0.5, 'n_estimators': 100}",0.063530553,0.064846416,0.06424718,0.066863324,0.067654321,0.067990074,0.062468766,0.053353659,0.056418219,0.064088398,0.063199077,0.004500886,41,0.079216783,0.078888516,0.072466197,0.071831537,0.073246985,0.070751032,0.071086084,0.062607825,0.066648153,0.073205715,0.071994883,0.004712093,0.060921046,0.062243991,0.061619502,0.064228923,0.065040481,0.065651571,0.060148714,0.050900178,0.05399582,0.061525145,0.060679634,0.004463864,41,0.076590875,0.076464678,0.069991242,0.069346021,0.070786162,0.068210772,0.068588852,0.060024804,0.064119975,0.070698082,0.069482146,0.004726045,0.008795806,0.008802512
RandomForestClassifier,8.45535934,3.074231426,1.953748918,0.817392709,gini,5,0.7,10,"{'criterion': 'gini', 'max_depth': 5, 'max_features': 0.7, 'n_estimators': 10}",0.029097963,0.032666992,0.040215792,0.042281219,0.04345679,0.038709677,0.035482259,0.041666667,0.034679089,0.042541436,0.038019762,0.00463394,54,0.038993007,0.03991949,0.042630462,0.041054572,0.046337651,0.036714652,0.03780107,0.041126384,0.041377395,0.04656038,0.041251506,0.003088502,0.026288708,0.03025635,0.037809576,0.039487783,0.040671183,0.035873022,0.032614653,0.038772081,0.032155647,0.03993357,0.035325681,0.004607882,54,0.036118046,0.03746441,0.040179921,0.038197339,0.043747048,0.033750499,0.034936104,0.03836419,0.039001802,0.043964784,0.038572414,0.003202065,0.003231744,0.003246734
RandomForestClassifier,21.87197375,4.506391933,4.740419126,1.418755085,gini,5,0.7,30,"{'criterion': 'gini', 'max_depth': 5, 'max_features': 0.7, 'n_estimators': 30}",0.043646945,0.045831302,0.064737616,0.052605703,0.056296296,0.049131514,0.061469265,0.043699187,0.051759834,0.042541436,0.051261474,0.007338361,48,0.051692308,0.050710053,0.067046597,0.055968273,0.058061635,0.051333557,0.063893845,0.049529746,0.05665093,0.048987698,0.055387464,0.005870393,0.040933173,0.043102053,0.062090277,0.049894203,0.05359692,0.046748282,0.059148389,0.041239299,0.049327007,0.039908592,0.048687071,0.007366969,48,0.048918294,0.047926433,0.064362197,0.053417513,0.055329989,0.048716374,0.061380323,0.046902812,0.0542928,0.046400721,0.052764746,0.005895146,0.00412599,0.004077674
RandomForestClassifier,55.62296567,6.165222762,16.25340669,5.363711873,gini,5,0.7,100,"{'criterion': 'gini', 'max_depth': 5, 'max_features': 0.7, 'n_estimators': 100}",0.048011639,0.055095076,0.078469838,0.068829892,0.064197531,0.060049628,0.062968516,0.051321138,0.052795031,0.061878453,0.060390229,0.008688517,43,0.061034965,0.065582019,0.075650911,0.070490979,0.065096025,0.063943756,0.066068243,0.059101786,0.064148848,0.07133006,0.066244759,0.00471177,0.045314306,0.052425532,0.075897256,0.066208739,0.061542559,0.057666306,0.060609718,0.04885525,0.050308232,0.059295327,0.057839918,0.008692442,43,0.058294494,0.06289119,0.073202686,0.068014093,0.062599242,0.061362971,0.063520775,0.05651079,0.061759518,0.068823848,0.063697961,0.004766504,0.00585453,0.005858042
RandomForestClassifier,10.44748414,3.913753118,1.867931032,0.658920118,gini,5,0.9,10,"{'criterion': 'gini', 'max_depth': 5, 'max_features': 0.9, 'n_estimators': 10}",0.033947624,0.035592394,0.042667974,0.042281219,0.040987654,0.04516129,0.03948026,0.039126016,0.036749482,0.038674033,0.039474344,0.003293506,53,0.041062937,0.046572738,0.04542407,0.041836564,0.04265297,0.04558643,0.041871097,0.041961155,0.042432658,0.041209246,0.043060987,0.001907918,0.031161541,0.032822099,0.039887994,0.039478702,0.038188035,0.042363543,0.037033161,0.036238732,0.034221854,0.036002523,0.036745759,0.003268454,53,0.038434633,0.043849049,0.042588634,0.03897699,0.04003922,0.042759149,0.039201467,0.039126793,0.039771001,0.038565991,0.040331293,0.00187187,0.003586642,0.003585534
RandomForestClassifier,29.02099934,3.678943964,3.973573065,0.799508049,gini,5,0.9,30,"{'criterion': 'gini', 'max_depth': 5, 'max_features': 0.9, 'n_estimators': 30}",0.050436469,0.036567528,0.050024522,0.046705998,0.049382716,0.049131514,0.052973513,0.06199187,0.043995859,0.051381215,0.049204996,0.006157961,50,0.063160839,0.042882702,0.050899542,0.048818634,0.052646271,0.055071979,0.051962533,0.063832155,0.050097195,0.059855464,0.053922731,0.006302679,0.04775005,0.033776077,0.047276475,0.043963244,0.046644678,0.046729452,0.050596448,0.059602892,0.041489563,0.048764818,0.046603439,0.006249928,51,0.060418799,0.040044452,0.048302387,0.046024136,0.050096967,0.052470381,0.049361671,0.061280735,0.047460903,0.057288767,0.05127492,0.00635175,0.004717736,0.004671481
RandomForestClassifier,68.29478595,6.151488268,14.82325747,3.73322559,gini,5,0.9,100,"{'criterion': 'gini', 'max_depth': 5, 'max_features': 0.9, 'n_estimators': 100}",0.053346266,0.055095076,0.06424718,0.061946903,0.055802469,0.062034739,0.056971514,0.057418699,0.058488613,0.055801105,0.058133119,0.003377636,44,0.063608392,0.065302471,0.066152643,0.064849467,0.054711925,0.063608972,0.059768064,0.063108687,0.064204388,0.061896618,0.062721163,0.003169258,0.050669645,0.052418981,0.061571289,0.0592781,0.053067869,0.059670846,0.054595016,0.054997282,0.056073556,0.053247031,0.055574929,0.003401324,44,0.060875051,0.062595814,0.063422588,0.062335829,0.052144314,0.06104074,0.05719866,0.060543733,0.061656457,0.059379773,0.060119296,0.00314004,0.004588043,0.004544367
RandomForestClassifier,0.788264346,0.075277752,0.965101767,0.101792075,gini,6,sqrt,10,"{'criterion': 'gini', 'max_depth': 6, 'max_features': 'sqrt', 'n_estimators': 10}",0.081474297,0.085324232,0.097106425,0.096853491,0.095308642,0.100248139,0.113943028,0.094004065,0.108178054,0.09281768,0.09645383,0.009132937,23,0.112503497,0.109862462,0.106939323,0.105010333,0.103059402,0.103950452,0.113124442,0.105069843,0.117911691,0.102057704,0.107948915,0.004929441,0.07908138,0.082870618,0.094831922,0.094526092,0.093458695,0.098181846,0.111682968,0.091824504,0.106156706,0.090528246,0.094241421,0.009212225,23,0.110315919,0.107447384,0.104771719,0.102822913,0.101197132,0.1017351,0.110831189,0.102771845,0.11579404,0.099794614,0.105748186,0.004910589,0.011495085,0.011506765
RandomForestClassifier,3.695440531,1.091218779,6.50169065,1.418815772,gini,6,sqrt,30,"{'criterion': 'gini', 'max_depth': 6, 'max_features': 'sqrt', 'n_estimators': 30}",0.118331717,0.128717699,0.144678764,0.161258604,0.137283951,0.156823821,0.155422289,0.160060976,0.167701863,0.164088398,0.149069569,0.015739726,11,0.172363636,0.182936375,0.186277796,0.170976931,0.160171952,0.174757282,0.166146298,0.175134955,0.180616495,0.173111932,0.174249365,0.007356098,0.116342583,0.126600745,0.142562766,0.159254669,0.135198409,0.154937104,0.153561139,0.158227257,0.165836259,0.162222636,0.147104718,0.015812568,11,0.170487347,0.18107988,0.184373709,0.169104651,0.158228503,0.17278308,0.164188398,0.173234332,0.178683257,0.171241362,0.172340452,0.007369657,0.025179796,0.025235734
RandomForestClassifier,9.090937042,2.465380967,17.46591344,2.960198755,gini,6,sqrt,100,"{'criterion': 'gini', 'max_depth': 6, 'max_features': 'sqrt', 'n_estimators': 100}",0.164888458,0.178449537,0.211868563,0.230580138,0.205925926,0.229776675,0.213893053,0.226626016,0.222567288,0.23038674,0.211064854,0.02187177,6,0.242461538,0.259141228,0.272265058,0.252415796,0.242295668,0.266543913,0.239518287,0.23896711,0.238489309,0.26055056,0.251264847,0.011976727,0.162929775,0.176504635,0.21004374,0.228779012,0.204048349,0.228198371,0.212235877,0.224936015,0.220902485,0.228763096,0.209299714,0.021980207,6,0.240789608,0.2575199,0.270688219,0.250757859,0.240605633,0.264954862,0.237824681,0.237220907,0.236790049,0.258963916,0.249611563,0.012028085,0.040199992,0.04031185
RandomForestClassifier,1.178784442,0.321283919,2.393968058,0.505913009,gini,6,log2,10,"{'criterion': 'gini', 'max_depth': 6, 'max_features': 'log2', 'n_estimators': 10}",0.083414161,0.105314481,0.117214321,0.11553589,0.089876543,0.119602978,0.113443278,0.125,0.124741201,0.130939227,0.112153283,0.014624899,18,0.109874126,0.147210108,0.135489999,0.134893593,0.106911568,0.117453409,0.122491079,0.133897268,0.124465426,0.140674133,0.127336071,0.012613464,0.081115569,0.103368647,0.115251391,0.113571981,0.087699146,0.117666297,0.111595246,0.123042992,0.12286079,0.129159587,0.110174918,0.014756725,18,0.107719159,0.145442557,0.133669655,0.133035886,0.104866052,0.115366549,0.120552964,0.131912626,0.122568756,0.138833633,0.125396784,0.012718922,0.015182788,0.015221866
RandomForestClassifier,2.382170916,0.724823265,6.222192049,1.669652279,gini,6,log2,30,"{'criterion': 'gini', 'max_depth': 6, 'max_features': 'log2', 'n_estimators': 30}",0.148884578,0.168698196,0.161353605,0.185349066,0.18617284,0.196029777,0.207396302,0.18597561,0.201345756,0.208287293,0.184481116,0.018898813,8,0.231048951,0.244716538,0.215163705,0.237725521,0.219405985,0.210746568,0.229315343,0.200678947,0.20422105,0.214762509,0.220778512,0.013736716,0.147067114,0.166942212,0.159552033,0.183653489,0.184509094,0.194419499,0.205861179,0.184371951,0.199771078,0.206737136,0.182817827,0.018993914,8,0.229464088,0.243223075,0.213524773,0.236216273,0.217848924,0.209116003,0.227756338,0.199034741,0.202581427,0.213203086,0.219196873,0.013783041,0.036297396,0.036379046
RandomForestClassifier,5.97845943,1.51865741,19.51146386,1.774971268,gini,6,log2,100,"{'criterion': 'gini', 'max_depth': 6, 'max_features': 'log2', 'n_estimators': 100}",0.217749758,0.245246221,0.272192251,0.281710914,0.272098765,0.305210918,0.31834083,0.304878049,0.355072464,0.331491713,0.289361489,0.038858754,2,0.324083916,0.36257408,0.361772265,0.324638329,0.341893703,0.343265261,0.354371097,0.329122377,0.344182172,0.34809952,0.343400272,0.013339778,0.216116854,0.243763267,0.270796291,0.280239611,0.270625119,0.303926683,0.317092699,0.30355764,0.353905811,0.330262877,0.287987476,0.038991785,2,0.322773189,0.361406321,0.360612838,0.323323812,0.340603906,0.341988106,0.353158718,0.327798349,0.342919701,0.34685291,0.342143785,0.013393492,0.054038783,0.054156309
RandomForestClassifier,6.745505619,0.883041671,2.264204001,0.559147185,gini,6,0.3,10,"{'criterion': 'gini', 'max_depth': 6, 'max_features': 0.3, 'n_estimators': 10}",0.059165858,0.053632374,0.072094164,0.065388397,0.069135802,0.066997519,0.074962519,0.053861789,0.067287785,0.073480663,0.065506345,0.007287314,39,0.076083916,0.069160237,0.076377249,0.068647713,0.073526128,0.070751032,0.078445584,0.061717402,0.077589558,0.085121642,0.073742046,0.006159387,0.056916304,0.051314222,0.069845696,0.062746425,0.066495526,0.06475028,0.072698226,0.051441301,0.064892787,0.071015356,0.063118324,0.007281493,39,0.073819959,0.066802765,0.074150656,0.06616904,0.071057096,0.068292455,0.07597748,0.059144142,0.075334574,0.082717157,0.071346532,0.006215979,0.008235701,0.008228208
RandomForestClassifier,15.3369916,2.298299981,4.678894138,1.09147295,gini,6,0.3,30,"{'criterion': 'gini', 'max_depth': 6, 'max_features': 0.3, 'n_estimators': 30}",0.070805044,0.081911263,0.086316822,0.101769912,0.091851852,0.088833747,0.094452774,0.088414634,0.088509317,0.080110497,0.087325074,0.008063574,26,0.092979021,0.092083194,0.102134317,0.106183321,0.096862439,0.09915188,0.103144514,0.091769158,0.098306026,0.091465769,0.097407964,0.00501471,0.068610327,0.079405046,0.084118056,0.099633226,0.089355512,0.086639328,0.092266869,0.086176453,0.086240723,0.077721542,0.085045013,0.008094441,26,0.09081614,0.089737069,0.099978486,0.104063886,0.09451573,0.096778849,0.100793987,0.08939455,0.095938273,0.08911354,0.095113051,0.005059008,0.01008289,0.010068038
RandomForestClassifier,38.51818092,4.638725049,17.53437505,4.643597807,gini,6,0.3,100,"{'criterion': 'gini', 'max_depth': 6, 'max_features': 0.3, 'n_estimators': 100}",0.100387973,0.10872745,0.116723884,0.111111111,0.116049383,0.110173697,0.106946527,0.101117886,0.102484472,0.096132597,0.107137483,0.00645394,20,0.12413986,0.13574863,0.129902782,0.116293359,0.123939259,0.119350519,0.110671276,0.113918415,0.124187726,0.109946489,0.120809831,0.007930727,0.098273759,0.106361324,0.114635862,0.108702091,0.113937201,0.10803772,0.104801315,0.098936083,0.100255494,0.094127627,0.104956976,0.006430733,20,0.122067869,0.133576522,0.127853511,0.114021327,0.12185155,0.11706494,0.108346986,0.111804086,0.121910764,0.107803298,0.118630085,0.007966635,0.013672348,0.013673109
RandomForestClassifier,8.36689918,3.299822643,1.961620784,0.626269588,gini,6,0.5,10,"{'criterion': 'gini', 'max_depth': 6, 'max_features': 0.5, 'n_estimators': 10}",0.062075655,0.053144807,0.056890633,0.063913471,0.060740741,0.064516129,0.046976512,0.057926829,0.053312629,0.056353591,0.057631539,0.005227528,45,0.071608392,0.065022923,0.062576824,0.064235044,0.067161679,0.065059703,0.053913916,0.062552173,0.060427659,0.066144425,0.063870274,0.004394895,0.059454551,0.050864591,0.054551526,0.061647857,0.058462798,0.062236057,0.04459779,0.05554779,0.050857018,0.053789427,0.055249362,0.005241643,45,0.069145743,0.06272045,0.060206584,0.061918586,0.064987032,0.062552155,0.051318605,0.060013626,0.058066252,0.06364626,0.061457529,0.004441965,0.006238735,0.006208167
RandomForestClassifier,17.6039782,3.769043073,4.798700404,1.616009714,gini,6,0.5,30,"{'criterion': 'gini', 'max_depth': 6, 'max_features': 0.5, 'n_estimators': 30}",0.074199806,0.066309118,0.081412457,0.078662734,0.079012346,0.074441687,0.071464268,0.066056911,0.076086957,0.073480663,0.074133521,0.004878521,33,0.08979021,0.082187186,0.083808247,0.085963246,0.081062975,0.079064837,0.074877342,0.079303244,0.084532074,0.081259999,0.082184936,0.003921918,0.072003044,0.064027147,0.079177911,0.076146965,0.076410472,0.072154882,0.069161582,0.063721911,0.073751374,0.07101564,0.071779252,0.004842598,33,0.087720347,0.08000004,0.081580695,0.083606599,0.078629324,0.076774721,0.072376889,0.076834601,0.082094997,0.078830738,0.079844895,0.004012957,0.008051415,0.008065643
RandomForestClassifier,43.9912756,4.892222929,14.56306157,4.618423025,gini,6,0.5,100,"{'criterion': 'gini', 'max_depth': 6, 'max_features': 0.5, 'n_estimators': 100}",0.072744908,0.078010726,0.095144679,0.092428712,0.095308642,0.105707196,0.092953523,0.083841463,0.071428571,0.086740331,0.087475548,0.010455673,25,0.097454545,0.094766857,0.101910828,0.091995755,0.098146494,0.106851914,0.097178858,0.089153542,0.092474313,0.10437469,0.09743078,0.005360391,0.070510948,0.075470502,0.092677297,0.089945018,0.09283578,0.10355939,0.09074283,0.081559962,0.069092714,0.084330203,0.085116947,0.010471538,25,0.095250443,0.092402892,0.099593604,0.089639939,0.095818512,0.104526865,0.094783211,0.086726801,0.090065054,0.102036254,0.095084358,0.005388455,0.009955232,0.009967411
RandomForestClassifier,8.827895331,3.76418676,1.691776562,0.603325143,gini,6,0.7,10,"{'criterion': 'gini', 'max_depth': 6, 'max_features': 0.7, 'n_estimators': 10}",0.03685742,0.048756704,0.051005395,0.057522124,0.061234568,0.061042184,0.048475762,0.05945122,0.055383023,0.049723757,0.052916688,0.007238846,47,0.047440559,0.055294644,0.058498156,0.059654806,0.069562305,0.062827809,0.053579393,0.062385219,0.064704249,0.059745132,0.059369227,0.005889129,0.034072894,0.046033094,0.048679218,0.055221583,0.0586124,0.058708559,0.046106753,0.057035756,0.052934308,0.047152952,0.050426823,0.007335505,47,0.044828027,0.052726833,0.056186639,0.057360744,0.067112283,0.060272563,0.050990542,0.060057564,0.062348313,0.057203845,0.056908735,0.005951483,0.00645254,0.006481912
RandomForestClassifier,23.90767429,7.193270035,4.663530684,0.98767597,gini,6,0.7,30,"{'criterion': 'gini', 'max_depth': 6, 'max_features': 0.7, 'n_estimators': 30}",0.059165858,0.06923452,0.076508092,0.071288102,0.072592593,0.067493797,0.067466267,0.066565041,0.063664596,0.057458564,0.067261875,0.005522638,38,0.075524476,0.076148943,0.083808247,0.072054963,0.075647611,0.072313358,0.076438448,0.076465023,0.067092474,0.066420257,0.07419138,0.004788619,0.056888289,0.066640969,0.074248446,0.069000635,0.069968034,0.065193056,0.065184093,0.064197884,0.06126206,0.054914469,0.064869425,0.005532816,38,0.073267251,0.07371573,0.081573616,0.069768628,0.073178692,0.069816071,0.073969646,0.073979944,0.064811038,0.063923152,0.071800377,0.004813102,0.006929505,0.006930952
RandomForestClassifier,54.56679926,6.385721046,13.57061512,4.418065317,gini,6,0.7,100,"{'criterion': 'gini', 'max_depth': 6, 'max_features': 0.7, 'n_estimators': 100}",0.065470417,0.074597757,0.089749877,0.087020649,0.077530864,0.077419355,0.076961519,0.078760163,0.074534161,0.067955801,0.077092842,0.007040656,30,0.088895105,0.092362742,0.094032853,0.089593923,0.076094238,0.083640219,0.081289028,0.085703155,0.081866148,0.081866828,0.085534424,0.005331861,0.063196183,0.072025566,0.087243349,0.084513057,0.074943582,0.075131229,0.074679417,0.076469353,0.07219565,0.065464067,0.074678791,0.007001696,30,0.086670102,0.089963228,0.091653571,0.087234045,0.073645921,0.081166525,0.078817918,0.083267478,0.079414303,0.07943115,0.083126424,0.005372369,0.008441581,0.008447633
RandomForestClassifier,10.46950614,4.471143097,1.625553584,0.685015768,gini,6,0.9,10,"{'criterion': 'gini', 'max_depth': 6, 'max_features': 0.9, 'n_estimators': 10}",0.047041707,0.044368601,0.057871506,0.051622419,0.046419753,0.049131514,0.050974513,0.055894309,0.048136646,0.051381215,0.050258314,0.004014829,49,0.059188811,0.054903276,0.062967929,0.05585656,0.054600268,0.0483205,0.054694469,0.058656575,0.059594557,0.052739008,0.056152195,0.003911048,0.044374759,0.042017484,0.055576961,0.04891894,0.043678795,0.046745457,0.048583616,0.053495682,0.045680169,0.049231604,0.047800643,0.004085272,49,0.056684675,0.052559723,0.06068999,0.053329566,0.052045543,0.045680495,0.05208325,0.056305269,0.05728074,0.050380934,0.053704019,0.003993675,0.005893882,0.005903375
RandomForestClassifier,32.3959796,6.635884932,4.020150828,0.805481415,gini,6,0.9,30,"{'criterion': 'gini', 'max_depth': 6, 'max_features': 0.9, 'n_estimators': 30}",0.052376334,0.06582155,0.063266307,0.064896755,0.064691358,0.064019851,0.07896052,0.06351626,0.0626294,0.06519337,0.064503185,0.006086522,40,0.067020979,0.076316672,0.068164041,0.068759426,0.06677088,0.069244504,0.082236842,0.073292893,0.073646209,0.069730237,0.071518268,0.004643085,0.050089494,0.06354486,0.060618428,0.062609672,0.062046733,0.061701272,0.076676887,0.061150607,0.060244653,0.0626888,0.06210418,0.006097695,40,0.064728875,0.074060393,0.065687377,0.066441676,0.064291642,0.066713082,0.079766595,0.070783541,0.071400935,0.067240246,0.069111436,0.004654083,0.007015083,0.007007256
RandomForestClassifier,65.77203908,5.62508487,14.16961274,3.630894832,gini,6,0.9,100,"{'criterion': 'gini', 'max_depth': 6, 'max_features': 0.9, 'n_estimators': 100}",0.067895247,0.066796685,0.079450711,0.088495575,0.079506173,0.075930521,0.082458771,0.074695122,0.073498965,0.068508287,0.075788735,0.006626886,31,0.088391608,0.080453986,0.088724997,0.090096632,0.085529254,0.080850352,0.085526316,0.0815293,0.087420161,0.084625145,0.085314775,0.003268789,0.065643876,0.064190094,0.077194927,0.086286579,0.076935492,0.073672323,0.080226183,0.072364911,0.071148108,0.066011169,0.073433722,0.00669844,31,0.086163357,0.078025605,0.086492639,0.087865042,0.083116744,0.078388809,0.083096608,0.079060697,0.084975903,0.082192056,0.082937746,0.003345758,0.009526041,0.009504024
RandomForestClassifier,0.708306122,0.076479177,0.912260556,0.109047435,gini,7,sqrt,10,"{'criterion': 'gini', 'max_depth': 7, 'max_features': 'sqrt', 'n_estimators': 10}",0.105722599,0.110190151,0.114762138,0.135201573,0.135802469,0.130521092,0.132433783,0.12550813,0.124223602,0.13038674,0.124341676,0.010251833,14,0.144727273,0.156994297,0.143312102,0.148801877,0.145879857,0.136480304,0.148193577,0.138738939,0.13929464,0.145694268,0.144811713,0.005627421,0.103482066,0.107995872,0.112539389,0.133175917,0.133632232,0.128610365,0.130292531,0.123590586,0.122274918,0.128192919,0.122244485,0.010309133,14,0.142700789,0.155015846,0.141148251,0.146878246,0.143728533,0.13443798,0.146080029,0.136725419,0.137416154,0.143585275,0.142771652,0.005627044,0.020470037,0.020527168
RandomForestClassifier,3.904759717,0.931385573,5.634732938,1.774356248,gini,7,sqrt,30,"{'criterion': 'gini', 'max_depth': 7, 'max_features': 'sqrt', 'n_estimators': 30}",0.162948594,0.160897123,0.20107896,0.215830875,0.191604938,0.211414392,0.20189905,0.203760163,0.233954451,0.193370166,0.197421879,0.021356948,7,0.240055944,0.231018674,0.248687004,0.246159861,0.231018312,0.241267716,0.231935772,0.227614224,0.251374618,0.233850058,0.238298218,0.007956352,0.161024918,0.158947744,0.19926815,0.214035593,0.189717861,0.209790855,0.200225197,0.202097825,0.232385341,0.191665955,0.195659407,0.021461621,7,0.238395511,0.229352682,0.247008333,0.244549479,0.229336677,0.239619842,0.230213551,0.225902786,0.249746449,0.2322201,0.236634541,0.007977269,0.040876339,0.040975134
RandomForestClassifier,10.12762032,0.887825943,17.22444522,1.994199083,gini,7,sqrt,100,"{'criterion': 'gini', 'max_depth': 7, 'max_features': 'sqrt', 'n_estimators': 100}",0.209990301,0.220380302,0.229524277,0.260570305,0.265679012,0.269478908,0.27986007,0.275914634,0.285196687,0.293922652,0.258313688,0.027482062,3,0.319216783,0.304372135,0.312772377,0.30285427,0.30599598,0.308782502,0.3051405,0.313094774,0.306359345,0.322502345,0.310109101,0.00628904,0.208246592,0.218643584,0.227821499,0.258941542,0.264029073,0.267999303,0.278404986,0.274455874,0.283756957,0.292521559,0.256740486,0.027600929,3,0.317808874,0.302904462,0.311356299,0.301391712,0.304542007,0.307306681,0.303661834,0.311637189,0.30489308,0.321110523,0.308661266,0.006314792,0.051795413,0.05192078
RandomForestClassifier,1.279478455,0.304259993,2.340940595,0.413427809,gini,7,log2,10,"{'criterion': 'gini', 'max_depth': 7, 'max_features': 'log2', 'n_estimators': 10}",0.112512124,0.104826914,0.117704757,0.117502458,0.124938272,0.149379653,0.180409795,0.168191057,0.140269151,0.145303867,0.135727542,0.023800714,13,0.158321678,0.140165493,0.142362275,0.130983634,0.148336311,0.172581185,0.177018287,0.157270855,0.156178839,0.158823854,0.154204241,0.013493472,0.110575484,0.102771218,0.115725652,0.11550799,0.123038335,0.147633658,0.178660243,0.166525409,0.138494035,0.143409018,0.133856381,0.023910098,13,0.156573265,0.13832145,0.14047109,0.129052529,0.146505083,0.170782425,0.175234271,0.155513263,0.154359003,0.156928663,0.152374104,0.013531906,0.018476699,0.018517723
RandomForestClassifier,2.613810563,0.417493511,6.440080857,1.188117785,gini,7,log2,30,"{'criterion': 'gini', 'max_depth': 7, 'max_features': 'log2', 'n_estimators': 30}",0.193986421,0.210141394,0.222658166,0.2453294,0.217283951,0.237220844,0.256371814,0.263719512,0.280020704,0.254143646,0.237498119,0.025437971,4,0.283692308,0.290953819,0.298413231,0.306149807,0.27707682,0.277870773,0.282615968,0.277199622,0.281921688,0.272245821,0.284813986,0.010081262,0.19238633,0.208617552,0.221208488,0.243878623,0.215735168,0.235796794,0.255027552,0.262372441,0.278754871,0.252756635,0.23606188,0.025532528,4,0.282314081,0.289660778,0.297149979,0.304858697,0.275713954,0.2764658,0.281290216,0.275802636,0.280601573,0.270850172,0.283470789,0.010121872,0.047315867,0.047408908
RandomForestClassifier,5.932438087,1.670979461,17.34961004,2.722287715,gini,7,log2,100,"{'criterion': 'gini', 'max_depth': 7, 'max_features': 'log2', 'n_estimators': 100}",0.270611057,0.274987811,0.299656694,0.342182891,0.355555556,0.349875931,0.378310845,0.395833333,0.414078675,0.384530387,0.345387972,0.047665124,1,0.417846154,0.405456782,0.415744776,0.423727867,0.434792318,0.410668452,0.419212756,0.413155991,0.411441266,0.410327136,0.41623735,0.007916689,0.269199936,0.273583364,0.298354163,0.340947992,0.354410202,0.348768256,0.377230174,0.394780261,0.413077835,0.38345523,0.344203053,0.047803556,1,0.416799653,0.404388774,0.414707478,0.422696259,0.43383168,0.409633872,0.418176898,0.412092035,0.410390103,0.409280131,0.415199688,0.007941666,0.070849378,0.070996635
RandomForestClassifier,5.762690473,1.790583611,2.145663452,0.330870761,gini,7,0.3,10,"{'criterion': 'gini', 'max_depth': 7, 'max_features': 0.3, 'n_estimators': 10}",0.067410281,0.070209654,0.080922021,0.088003933,0.090864198,0.084863524,0.093453273,0.090447154,0.07505176,0.079558011,0.082058484,0.008622499,29,0.089846154,0.086827686,0.093250643,0.09288946,0.102333631,0.092567794,0.101304639,0.10100729,0.09136351,0.093286258,0.094467706,0.004997248,0.064858121,0.067597038,0.078702497,0.085822541,0.088376958,0.082681511,0.091293621,0.088232371,0.072751664,0.077503576,0.079758265,0.008724302,29,0.087474183,0.084409792,0.091056208,0.090725396,0.1000267,0.090366964,0.099195006,0.098873318,0.088957296,0.091095171,0.092218003,0.005062771,0.012409222,0.012459739
RandomForestClassifier,14.17609653,3.415006669,4.915157938,0.887808727,gini,7,0.3,30,"{'criterion': 'gini', 'max_depth': 7, 'max_features': 0.3, 'n_estimators': 30}",0.092628516,0.11701609,0.125061305,0.119960669,0.118024691,0.123076923,0.117941029,0.114837398,0.130952381,0.106077348,0.116567187,0.010142483,16,0.121342657,0.1373141,0.140071516,0.131821482,0.129968736,0.133913626,0.13397636,0.133563359,0.140905304,0.124731064,0.132760821,0.00589484,0.090475268,0.114958652,0.123003352,0.117612416,0.115690902,0.12102617,0.115855651,0.112713927,0.12884698,0.103829056,0.114411427,0.010164913,16,0.119237973,0.135295766,0.138063092,0.129627636,0.127787943,0.131898551,0.131756616,0.131328669,0.138731455,0.122531527,0.130625923,0.005920015,0.016193634,0.016214496
RandomForestClassifier,31.95834966,4.700511134,14.28221176,3.769063232,gini,7,0.3,100,"{'criterion': 'gini', 'max_depth': 7, 'max_features': 0.3, 'n_estimators': 100}",0.124151309,0.136518771,0.147621383,0.148967552,0.151604938,0.151861042,0.150424788,0.161585366,0.128881988,0.149723757,0.145056929,0.011007144,12,0.163524476,0.1709158,0.17191865,0.174104899,0.164805717,0.168563776,0.170996878,0.170905448,0.155956679,0.165388647,0.167708097,0.005100105,0.122122537,0.134537916,0.145649451,0.14676039,0.149657328,0.149903416,0.148441576,0.159611235,0.12678142,0.147885889,0.143056475,0.011035808,12,0.161584729,0.169011479,0.170014239,0.172068116,0.162892568,0.16648474,0.168931942,0.169004864,0.153992748,0.163450404,0.165743583,0.005089532,0.022651168,0.022687108
RandomForestClassifier,7.632691383,2.523241013,1.725386453,0.50361667,gini,7,0.5,10,"{'criterion': 'gini', 'max_depth': 7, 'max_features': 0.5, 'n_estimators': 10}",0.066440349,0.070209654,0.080922021,0.089478859,0.077037037,0.063027295,0.082958521,0.066056911,0.075569358,0.080110497,0.075136681,0.008152143,32,0.083076923,0.081628089,0.09861437,0.098530972,0.092675301,0.071587992,0.094614184,0.076910234,0.087920022,0.083632151,0.086919024,0.008681857,0.064195613,0.067998072,0.078728708,0.087353844,0.07478957,0.06077629,0.080745101,0.063709793,0.073277519,0.077687954,0.072884247,0.008180678,32,0.080926846,0.079435336,0.096465864,0.096429071,0.090475204,0.069362916,0.092528178,0.074413971,0.085758789,0.081231388,0.084702756,0.008756564,0.011782343,0.011818509
RandomForestClassifier,20.34589818,5.38553299,4.777226377,1.192758396,gini,7,0.5,30,"{'criterion': 'gini', 'max_depth': 7, 'max_features': 0.5, 'n_estimators': 30}",0.079534433,0.092637738,0.1088769,0.102753196,0.104691358,0.10719603,0.097951024,0.095020325,0.0936853,0.097237569,0.097958569,0.008273744,22,0.102545455,0.114447054,0.119231199,0.103390493,0.119752121,0.116281665,0.113514719,0.110412377,0.108969731,0.112042809,0.112058762,0.005605204,0.077340323,0.090196369,0.106754607,0.100316727,0.102294631,0.105085824,0.09579756,0.092813625,0.091780597,0.094896694,0.0957271,0.008266902,22,0.100398849,0.112191862,0.117147255,0.101094702,0.117525227,0.114159908,0.111208866,0.108304691,0.106891536,0.109744048,0.109866694,0.005614211,0.014100193,0.014139594
RandomForestClassifier,50.55323114,10.54648093,15.07569013,4.716186114,gini,7,0.5,100,"{'criterion': 'gini', 'max_depth': 7, 'max_features': 0.5, 'n_estimators': 100}",0.095538312,0.110677718,0.127513487,0.119469027,0.122962963,0.132506203,0.117441279,0.131097561,0.112318841,0.119337017,0.118824297,0.010512762,15,0.130573427,0.133624064,0.144206057,0.133385466,0.134881644,0.141055686,0.131077163,0.14035283,0.132074424,0.134219672,0.135545043,0.004424589,0.093408854,0.108584059,0.125454134,0.117114755,0.120896312,0.130471276,0.115351176,0.129017606,0.110137707,0.117410519,0.116720943,0.010539037,15,0.128513155,0.131586901,0.142200557,0.131197444,0.132847872,0.139052607,0.128845486,0.138342884,0.130027138,0.132166033,0.133478008,0.00446923,0.016720747,0.016757064
RandomForestClassifier,9.132082605,3.788579385,1.67960875,0.709549037,gini,7,0.7,10,"{'criterion': 'gini', 'max_depth': 7, 'max_features': 0.7, 'n_estimators': 10}",0.056741028,0.071184788,0.06424718,0.062438545,0.063209877,0.076923077,0.076961519,0.06554878,0.079710145,0.080662983,0.069569143,0.007947638,36,0.073902098,0.085597674,0.073974746,0.063844048,0.070567218,0.082635867,0.077665031,0.073125939,0.082865871,0.089921112,0.07740996,0.007443288,0.054476759,0.068967317,0.061600263,0.060099218,0.060528438,0.074672102,0.074679185,0.063245244,0.077394872,0.078274335,0.067199944,0.007996424,36,0.071665482,0.083407607,0.071505929,0.061505796,0.068077014,0.080415348,0.075172076,0.07064877,0.080662089,0.087547186,0.07506073,0.007495197,0.007840818,0.007860785
RandomForestClassifier,22.99651182,6.989681241,3.820085692,1.352771332,gini,7,0.7,30,"{'criterion': 'gini', 'max_depth': 7, 'max_features': 0.7, 'n_estimators': 30}",0.080019399,0.096050707,0.094163806,0.089478859,0.080493827,0.082878412,0.093953023,0.083841463,0.087991718,0.079005525,0.086873652,0.006089107,27,0.103048951,0.117354355,0.110012292,0.095458862,0.093233586,0.088271398,0.103311775,0.091602204,0.102638156,0.094499917,0.09994315,0.008563594,0.077826662,0.093919806,0.092032523,0.087300553,0.077987009,0.080657167,0.091777736,0.081564478,0.085731658,0.076969341,0.084661375,0.006129784,27,0.1009074,0.11527403,0.107995894,0.093297956,0.090886997,0.085854713,0.100981244,0.089406952,0.100285238,0.092313067,0.097720349,0.008639935,0.013069498,0.013058974
RandomForestClassifier,59.25346794,7.969470717,12.67451108,4.975728595,gini,7,0.7,100,"{'criterion': 'gini', 'max_depth': 7, 'max_features': 0.7, 'n_estimators': 100}",0.090203686,0.10385178,0.113781265,0.120452311,0.108641975,0.110173697,0.109445277,0.112296748,0.108695652,0.108287293,0.108541907,0.007488388,19,0.126657343,0.12624399,0.130461504,0.133050327,0.118635552,0.117453409,0.119480375,0.118314876,0.119022494,0.115076957,0.122439683,0.005832577,0.088072202,0.101756819,0.111671509,0.118373524,0.106240526,0.108046748,0.10733065,0.110133096,0.106490498,0.106299989,0.106399284,0.007494579,19,0.124595769,0.1241912,0.128408757,0.131015261,0.116394112,0.115353891,0.117212214,0.116216461,0.116920791,0.112950093,0.120325855,0.005878155,0.013897776,0.013926571
RandomForestClassifier,12.83518097,4.729900628,1.645001507,0.587977528,gini,7,0.9,10,"{'criterion': 'gini', 'max_depth': 7, 'max_features': 0.9, 'n_estimators': 10}",0.058195926,0.06094588,0.079450711,0.064405113,0.074074074,0.066501241,0.085457271,0.066565041,0.068322981,0.06519337,0.068917089,0.008027307,37,0.07848951,0.075589847,0.085484412,0.065296319,0.079276463,0.068519138,0.096231044,0.075741555,0.079144682,0.073922877,0.077769585,0.008184365,0.055935818,0.058672785,0.07724966,0.062103193,0.071836409,0.06419782,0.083268472,0.064586507,0.065934656,0.062699414,0.066656617,0.00806002,37,0.076338896,0.073338296,0.083301999,0.06308784,0.077014441,0.065987306,0.094093832,0.073540081,0.076660592,0.071446109,0.075480939,0.008248901,0.008852496,0.008824322
RandomForestClassifier,33.7799789,6.205085756,4.012171936,1.112098706,gini,7,0.9,30,"{'criterion': 'gini', 'max_depth': 7, 'max_features': 0.9, 'n_estimators': 30}",0.069835112,0.086786933,0.087788131,0.088987217,0.088888889,0.090322581,0.089455272,0.090955285,0.087991718,0.09558011,0.087525706,0.006408874,24,0.08593007,0.107514257,0.097720416,0.092051611,0.093010272,0.092288807,0.097847904,0.099894262,0.099527909,0.103105864,0.096889137,0.005906407,0.067615684,0.084628087,0.085285468,0.086793131,0.086367425,0.088133098,0.087252049,0.088744569,0.085737552,0.093574193,0.085276981,0.006429061,24,0.083725461,0.105398423,0.095381791,0.089872063,0.090646726,0.090120945,0.09568633,0.097538754,0.097391351,0.100942209,0.094670405,0.005927044,0.009363431,0.009393424
RandomForestClassifier,64.6472465,3.766359411,9.522339439,3.177748236,gini,7,0.9,100,"{'criterion': 'gini', 'max_depth': 7, 'max_features': 0.9, 'n_estimators': 100}",0.080989331,0.093125305,0.100049044,0.117010816,0.099259259,0.110173697,0.109445277,0.104166667,0.097826087,0.1,0.101168681,0.009593705,21,0.107636364,0.116012524,0.116214102,0.125174552,0.108586423,0.118513559,0.118811329,0.107073293,0.11285754,0.117007778,0.114788746,0.005470438,0.078823012,0.090982959,0.097917688,0.114930114,0.097096143,0.108052694,0.107309643,0.101975528,0.095600114,0.097677058,0.099002674,0.009615692,21,0.105508979,0.113918902,0.1141232,0.123116025,0.1064422,0.116219888,0.116721009,0.10493695,0.110555008,0.114740157,0.112628232,0.005480971,0.013620065,0.013625558
max_depth of 5 to 7 is too small. Trees too shallow to give good accuracy and kappa. Don't limit max_depth in next runs.,,,,,,,,,,,,,,,,,,,,,,,,,,,,,,,,,,,,,,,,,,,,,,,,,,,,,,,,,,,,,
max_features: smaller percentage of features sampled at each split generally better. Sqrt good.,,,,,,,,,,,,,,,,,,,,,,,,,,,,,,,,,,,,,,,,,,,,,,,,,,,,,,,,,,,,,
n_estimators: more trees give better accuracy and kappa,,,,,,,,,,,,,,,,,,,,,,,,,,,,,,,,,,,,,,,,,,,,,,,,,,,,,,,,,,,,,
,,,,,,,,,,,,,,,,,,,,,,,,,,,,,,,,,,,,,,,,,,,,,,,,,,,,,,,,,,,,,
Model,mean_fit_time (s),std_fit_time (s),mean_score_time (s),std_score_time (s),param_criterion,param_max_depth,param_max_features,param_n_estimators,params,split0_val_accuracy,split1_val_accuracy,split2_val_accuracy,split3_val_accuracy,split4_val_accuracy,split5_val_accuracy,split6_val_accuracy,split7_val_accuracy,split8_val_accuracy,split9_val_accuracy,mean_val_accuracy,std_val_accuracy,rank_val_accuracy,split0_train_accuracy,split1_train_accuracy,split2_train_accuracy,split3_train_accuracy,split4_train_accuracy,split5_train_accuracy,split6_train_accuracy,split7_train_accuracy,split8_train_accuracy,split9_train_accuracy,mean_train_accuracy,std_train_accuracy,split0_val_kappa,split1_val_kappa,split2_val_kappa,split3_val_kappa,split4_val_kappa,split5_val_kappa,split6_val_kappa,split7_val_kappa,split8_val_kappa,split9_val_kappa,mean_val_kappa,std_val_kappa,rank_val_kappa,split0_train_kappa,split1_train_kappa,split2_train_kappa,split3_train_kappa,split4_train_kappa,split5_train_kappa,split6_train_kappa,split7_train_kappa,split8_train_kappa,split9_train_kappa,mean_train_kappa,std_train_kappa,mean train - cross_val accuracy,mean train - cross_val kappa
RandomForestClassifier,5.546580148,1.555029309,1.163791466,0.447071869,gini,,sqrt,10,"{'criterion': 'gini', 'max_depth': None, 'max_features': 'sqrt', 'n_estimators': 10}",0.664888458,0.706484642,0.755762629,0.773844641,0.761481481,0.739950372,0.834082959,0.856199187,0.885610766,0.874033149,0.783217134,0.070194683,2,0.963916084,0.964553282,0.963236116,0.964363514,0.964939705,0.968920879,0.968722123,0.968946519,0.967231325,0.967617366,0.966244691,0.002145549,0.664464999,0.706114158,0.755451114,0.773549341,0.761172801,0.739611308,0.833868573,0.856014494,0.885464306,0.873868174,0.782938698,0.070282861,2,0.963870138,0.964508057,0.963189146,0.964318021,0.964894971,0.968881175,0.968682353,0.968907029,0.967189618,0.967576221,0.966201673,0.00214833,0.183027557,0.183262975
RandomForestClassifier,21.90207999,1.218836413,11.4723516,3.845217092,gini,,sqrt,30,"{'criterion': 'gini', 'max_depth': None, 'max_features': 'sqrt', 'n_estimators': 30}",0.745877789,0.77425646,0.82540461,0.845132743,0.842469136,0.77866005,0.88055972,0.890243902,0.910455487,0.903867403,0.838240457,0.055034768,1,0.966097902,0.965951023,0.965471002,0.966206781,0.967396159,0.970985381,0.970785013,0.970337804,0.96961955,0.969879186,0.96827298,0.002129216,0.745557689,0.773969261,0.825181205,0.844931616,0.842265189,0.778371676,0.880405657,0.890103021,0.910340524,0.903740177,0.838032518,0.055103977,1,0.966054555,0.965907681,0.965427074,0.96616363,0.967354563,0.970948378,0.970747874,0.970300088,0.969580849,0.969840839,0.968232553,0.002131958,0.130032523,0.130200035
RandomForestClassifier,24.83386643,1.849048518,18.67067144,8.601616262,gini,,sqrt,40,"{'criterion': 'gini', 'max_depth': None, 'max_features': 'sqrt', 'n_estimators': 40}",0.7628516,0.784495368,0.847964689,0.855948869,0.844444444,0.783126551,0.882058971,0.896849593,0.919254658,0.901657459,0.846566685,0.051972475,1,0.966265734,0.966174662,0.965582747,0.966262638,0.967396159,0.971152773,0.970952275,0.970337804,0.96973063,0.969879186,0.968373461,0.002117041,0.762551596,0.784222479,0.847770077,0.855761928,0.844242865,0.782842657,0.881906723,0.896717324,0.919150971,0.901527308,0.846369241,0.052038219,1,0.966222713,0.96613149,0.965538863,0.966219581,0.967354563,0.971115989,0.970915337,0.970300086,0.969691985,0.969840853,0.968333146,0.002119774,0.121806776,0.121963905
,,,,,,,,,,,,,,,,,,,,,,,,,,,,,,,,,,,,,,,,,,,,,,,,,,,,,,,,,,,,,
Model,mean_fit_time (s),std_fit_time (s),mean_score_time (s),std_score_time (s),param_criterion,param_max_depth,param_max_features,param_n_estimators,params,split0_val_accuracy,split1_val_accuracy,split2_val_accuracy,split3_val_accuracy,split4_val_accuracy,split5_val_accuracy,split6_val_accuracy,split7_val_accuracy,split8_val_accuracy,split9_val_accuracy,mean_val_accuracy,std_val_accuracy,rank_val_accuracy,split0_train_accuracy,split1_train_accuracy,split2_train_accuracy,split3_train_accuracy,split4_train_accuracy,split5_train_accuracy,split6_train_accuracy,split7_train_accuracy,split8_train_accuracy,split9_train_accuracy,mean_train_accuracy,std_train_accuracy,split0_val_kappa,split1_val_kappa,split2_val_kappa,split3_val_kappa,split4_val_kappa,split5_val_kappa,split6_val_kappa,split7_val_kappa,split8_val_kappa,split9_val_kappa,mean_val_kappa,std_val_kappa,rank_val_kappa,split0_train_kappa,split1_train_kappa,split2_train_kappa,split3_train_kappa,split4_train_kappa,split5_train_kappa,split6_train_kappa,split7_train_kappa,split8_train_kappa,split9_train_kappa,mean_train_kappa,std_train_kappa,mean train - cross_val accuracy,mean train - cross_val kappa
RandomForestClassifier,5.772667265,1.580279798,1.147333002,0.385662936,gini,,sqrt,10,"{'criterion': 'gini', 'max_depth': None, 'max_features': 'sqrt', 'n_estimators': 10}",0.664888458,0.684544125,0.755272192,0.777777778,0.768888889,0.726054591,0.828585707,0.856199187,0.875776398,0.869060773,0.778702914,0.071378829,5,0.964363636,0.963602818,0.96385071,0.964586941,0.965163019,0.969702042,0.967997324,0.968334354,0.967620106,0.968003531,0.966322448,0.002109115,0.664468871,0.684146699,0.75496017,0.777489499,0.768588212,0.725696327,0.82836336,0.856013899,0.875616979,0.868888324,0.778418852,0.071467439,5,0.964318161,0.963556494,0.963804706,0.964541752,0.965118563,0.969663362,0.967956571,0.968294082,0.967578792,0.96796287,0.966279535,0.002111807,0.187619534,0.187860683
RandomForestClassifier,28.77049966,2.774817713,16.06845109,5.666141788,gini,,sqrt,30,"{'criterion': 'gini', 'max_depth': None, 'max_features': 'sqrt', 'n_estimators': 30}",0.746847721,0.77766943,0.838155959,0.844641101,0.832098765,0.786600496,0.877061469,0.889735772,0.911490683,0.898895028,0.838942669,0.052776078,1,0.966153846,0.966174662,0.965471002,0.966206781,0.967396159,0.971041178,0.970952275,0.970337804,0.96973063,0.969879186,0.968334352,0.002134356,0.74652944,0.777388162,0.837949143,0.844439147,0.831880654,0.786320887,0.876902709,0.889594324,0.911377193,0.89876153,0.838735633,0.052842273,1,0.966110685,0.966131592,0.965427075,0.966163646,0.967354557,0.971004269,0.970915336,0.970300095,0.969692062,0.969840912,0.968294023,0.0021371,0.129391683,0.12955839
RandomForestClassifier,6.891978502,1.163105113,1.118011594,0.487689859,gini,,log2,10,"{'criterion': 'gini', 'max_depth': None, 'max_features': 'log2', 'n_estimators': 10}",0.648399612,0.676255485,0.749386954,0.755653884,0.759506173,0.727047146,0.831084458,0.845020325,0.876293996,0.867955801,0.771530321,0.074760875,6,0.96413986,0.964441463,0.963738965,0.963358096,0.96588879,0.969199866,0.96955843,0.968223051,0.967897806,0.96695537,0.96634017,0.002217977,0.647957721,0.675844531,0.749065373,0.755337615,0.759194465,0.726691259,0.830866324,0.844821234,0.876134976,0.867781614,0.771236788,0.074854363,6,0.964094184,0.964396105,0.963692831,0.963311336,0.96584526,0.969160474,0.969519721,0.968182635,0.96785691,0.966913282,0.966297274,0.002220809,0.194809849,0.195060486
RandomForestClassifier,20.44894278,2.198614456,3.873546696,1.357945932,gini,,log2,30,"{'criterion': 'gini', 'max_depth': None, 'max_features': 'log2', 'n_estimators': 30}",0.730843841,0.761579717,0.829818538,0.836283186,0.828148148,0.780645161,0.882558721,0.891768293,0.909937888,0.901657459,0.833776396,0.058940992,2,0.966153846,0.966062842,0.965526875,0.966150924,0.967340331,0.971041178,0.97072926,0.970393455,0.969786171,0.969879186,0.968306407,0.002129333,0.730503916,0.761276276,0.829600904,0.8360712,0.827924988,0.780358724,0.882407354,0.89162976,0.909822383,0.90152797,0.833562706,0.05901543,2,0.966110737,0.966019638,0.965482955,0.966107718,0.96729866,0.971004273,0.970692054,0.970355808,0.969747656,0.969840836,0.968266033,0.002132068,0.134530011,0.134703328
RandomForestClassifier,14.24183273,2.131963546,2.059794235,0.836119807,entropy,,sqrt,10,"{'criterion': 'entropy', 'max_depth': None, 'max_features': 'sqrt', 'n_estimators': 10}",0.6314258,0.654802535,0.709661599,0.735004916,0.742222222,0.704218362,0.818590705,0.826727642,0.865424431,0.851381215,0.751717911,0.077899374,7,0.96441958,0.963602818,0.963180244,0.964363514,0.965163019,0.969199866,0.968276093,0.968556959,0.967620106,0.967065703,0.96614479,0.002123263,0.630957623,0.654366241,0.709289113,0.734660443,0.741886663,0.703828619,0.818356028,0.826503752,0.865252089,0.851184163,0.75139765,0.077997501,7,0.96437426,0.963556372,0.963133304,0.964318033,0.96511856,0.969160599,0.968235753,0.968516902,0.96757891,0.967023699,0.966101639,0.002125997,0.214426879,0.214703989
RandomForestClassifier,36.08933742,3.441501506,21.05272875,11.9239802,entropy,,sqrt,30,"{'criterion': 'entropy', 'max_depth': None, 'max_features': 'sqrt', 'n_estimators': 30}",0.710475267,0.725499756,0.799901913,0.820058997,0.819753086,0.762282878,0.860069965,0.880081301,0.905279503,0.89281768,0.81586999,0.06499163,3,0.96620979,0.966062842,0.965471002,0.966262638,0.967284502,0.970985381,0.970840767,0.970282153,0.96956401,0.969824019,0.96827871,0.002099302,0.710107979,0.725150461,0.799646213,0.819824259,0.819516293,0.761971289,0.859889438,0.879927219,0.905157998,0.892676256,0.815632486,0.065073859,3,0.966166773,0.96601953,0.965427069,0.966219574,0.967242606,0.9709484,0.970803702,0.970244302,0.969525143,0.969785619,0.968238272,0.002101999,0.15240872,0.152605786
RandomForestClassifier,7.788183379,0.666169487,1.080710888,0.435144439,entropy,,log2,10,"{'criterion': 'entropy', 'max_depth': None, 'max_features': 'log2', 'n_estimators': 10}",0.630940834,0.618235007,0.703285924,0.741887906,0.722469136,0.711662531,0.809595202,0.818597561,0.862836439,0.837016575,0.743441842,0.080042268,8,0.96413986,0.964106005,0.963236116,0.964363514,0.964716391,0.969478853,0.968220339,0.967889142,0.967675646,0.967838032,0.96616639,0.002133603,0.630471606,0.617747673,0.702905259,0.741551504,0.722109153,0.711284448,0.809349175,0.818362696,0.862660746,0.836801673,0.743110738,0.08014347,8,0.964094117,0.964060316,0.963189253,0.964318024,0.964671359,0.969439941,0.968179939,0.96784817,0.967634522,0.967797175,0.966123282,0.002136351,0.222724548,0.223012543
RandomForestClassifier,23.99027746,1.345449304,5.340027046,2.8907773,entropy,,log2,30,"{'criterion': 'entropy', 'max_depth': None, 'max_features': 'log2', 'n_estimators': 30}",0.709020369,0.726962457,0.794507111,0.813176008,0.809382716,0.750868486,0.860069965,0.869410569,0.893374741,0.888950276,0.809851031,0.063106884,4,0.966153846,0.966118752,0.965526875,0.966262638,0.967340331,0.971096976,0.970785013,0.970226501,0.96967509,0.969879186,0.968306521,0.002102853,0.708650893,0.726617496,0.794243626,0.812932065,0.809135561,0.750541997,0.859890104,0.869241661,0.893237793,0.888803512,0.809606074,0.063186454,4,0.966110745,0.966075625,0.965482949,0.966219581,0.967298657,0.971060126,0.970747868,0.970188633,0.969636515,0.969840847,0.968266155,0.002105555,0.15845549,0.158660081
Gini criterion better,,,,,,,,,,,,,,,,,,,,,,,,,,,,,,,,,,,,,,,,,,,,,,,,,,,,,,,,,,,,,
max_features: sqrt slightly better,,,,,,,,,,,,,,,,,,,,,,,,,,,,,,,,,,,,,,,,,,,,,,,,,,,,,,,,,,,,,
n_estimators: 30 better than 10,,,,,,,,,,,,,,,,,,,,,,,,,,,,,,,,,,,,,,,,,,,,,,,,,,,,,,,,,,,,,
,,,,,,,,,,,,,,,,,,,,,,,,,,,,,,,,,,,,,,,,,,,,,,,,,,,,,,,,,,,,,
Model,mean_fit_time (s),std_fit_time (s),mean_score_time (s),std_score_time (s),param_criterion,param_max_depth,param_max_features,param_n_estimators,params,split0_val_accuracy,split1_val_accuracy,split2_val_accuracy,split3_val_accuracy,split4_val_accuracy,split5_val_accuracy,split6_val_accuracy,split7_val_accuracy,split8_val_accuracy,split9_val_accuracy,mean_val_accuracy,std_val_accuracy,rank_val_accuracy,split0_train_accuracy,split1_train_accuracy,split2_train_accuracy,split3_train_accuracy,split4_train_accuracy,split5_train_accuracy,split6_train_accuracy,split7_train_accuracy,split8_train_accuracy,split9_train_accuracy,mean_train_accuracy,std_train_accuracy,split0_val_kappa,split1_val_kappa,split2_val_kappa,split3_val_kappa,split4_val_kappa,split5_val_kappa,split6_val_kappa,split7_val_kappa,split8_val_kappa,split9_val_kappa,mean_val_kappa,std_val_kappa,rank_val_kappa,split0_train_kappa,split1_train_kappa,split2_train_kappa,split3_train_kappa,split4_train_kappa,split5_train_kappa,split6_train_kappa,split7_train_kappa,split8_train_kappa,split9_train_kappa,mean_train_kappa,std_train_kappa,mean train - cross_val accuracy,mean train - cross_val kappa
RandomForestClassifier,28.34946928,2.268618985,20.44954078,9.007047397,gini,,sqrt,40,"{'criterion': 'gini', 'max_depth': None, 'max_features': 'sqrt', 'n_estimators': 40}",0.754122211,0.787908337,0.841589014,0.836774828,0.840987654,0.785111663,0.882558721,0.893292683,0.919254658,0.903867403,0.843155941,0.052716379,1,0.966265734,0.966174662,0.965526875,0.966206781,0.967340331,0.971152773,0.970952275,0.970393455,0.96973063,0.969879186,0.96836227,0.002137878,0.753813483,0.787638759,0.841385783,0.836562846,0.840781128,0.784830155,0.882407648,0.893155715,0.919151123,0.903740442,0.842954196,0.052782847,1,0.966222776,0.966131504,0.965483005,0.966163646,0.967298657,0.971115989,0.970915343,0.970355799,0.969692048,0.969840911,0.968321968,0.002140628,0.125206329,0.125367772
RandomForestClassifier,99.94545491,3.808962893,11.21193211,2.497172461,gini,,0.3,40,"{'criterion': 'gini', 'max_depth': None, 'max_features': 0.3, 'n_estimators': 40}",0.739088264,0.75621648,0.83521334,0.844149459,0.834074074,0.784615385,0.873063468,0.888211382,0.908385093,0.901657459,0.834980188,0.056615451,1,0.96620979,0.966118752,0.965471002,0.966262638,0.967340331,0.971152773,0.970896521,0.970393455,0.96967509,0.969879186,0.968339954,0.002140873,0.738762073,0.755910047,0.835003081,0.843947281,0.833859583,0.784334238,0.872900022,0.888067834,0.908267522,0.901527097,0.834768794,0.056685578,1,0.966166765,0.966075621,0.96542709,0.966219574,0.967298662,0.971115982,0.970859515,0.970355802,0.969636399,0.969840904,0.968299631,0.002143608,0.133359766,0.133530838
RandomForestClassifier,138.0240797,13.8531856,6.883900499,2.476864916,gini,,0.5,40,"{'criterion': 'gini', 'max_depth': None, 'max_features': 0.5, 'n_estimators': 40}",0.738603298,0.761579717,0.821481118,0.838249754,0.821728395,0.768734491,0.869565217,0.883130081,0.906832298,0.895027624,0.829011386,0.056008374,2,0.966153846,0.966174662,0.965471002,0.966206781,0.967396159,0.971152773,0.970952275,0.970393455,0.969786171,0.969824019,0.968351114,0.002153727,0.738274344,0.761278435,0.821253037,0.838039844,0.821497509,0.7684337,0.869397365,0.882980099,0.906712835,0.894888764,0.828791941,0.056078531,2,0.966110571,0.966131514,0.965427086,0.966163646,0.967354553,0.971115989,0.970915326,0.970355802,0.969747675,0.969785608,0.968310777,0.002156505,0.139339728,0.139518836
"max_features: sqrt better than 0.3, 0.5",,,,,,,,,,,,,,,,,,,,,,,,,,,,,,,,,,,,,,,,,,,,,,,,,,,,,,,,,,,,,
,,,,,,,,,,,,,,,,,,,,,,,,,,,,,,,,,,,,,,,,,,,,,,,,,,,,,,,,,,,,,
Model,mean_fit_time (s),std_fit_time (s),mean_score_time (s),std_score_time (s),param_criterion,param_max_depth,param_max_features,param_n_estimators,params,split0_val_accuracy,split1_val_accuracy,split2_val_accuracy,split3_val_accuracy,split4_val_accuracy,split5_val_accuracy,split6_val_accuracy,split7_val_accuracy,split8_val_accuracy,split9_val_accuracy,mean_val_accuracy,std_val_accuracy,rank_val_accuracy,split0_train_accuracy,split1_train_accuracy,split2_train_accuracy,split3_train_accuracy,split4_train_accuracy,split5_train_accuracy,split6_train_accuracy,split7_train_accuracy,split8_train_accuracy,split9_train_accuracy,mean_train_accuracy,std_train_accuracy,split0_val_kappa,split1_val_kappa,split2_val_kappa,split3_val_kappa,split4_val_kappa,split5_val_kappa,split6_val_kappa,split7_val_kappa,split8_val_kappa,split9_val_kappa,mean_val_kappa,std_val_kappa,rank_val_kappa,split0_train_kappa,split1_train_kappa,split2_train_kappa,split3_train_kappa,split4_train_kappa,split5_train_kappa,split6_train_kappa,split7_train_kappa,split8_train_kappa,split9_train_kappa,mean_train_kappa,std_train_kappa,mean train - cross_val accuracy,mean train - cross_val kappa
RandomForestClassifier,22.44106324,2.089691728,15.62986038,7.852551138,gini,,sqrt,35,"{'criterion': 'gini', 'max_depth': None, 'max_features': 'sqrt', 'n_estimators': 35}",0.753152279,0.775719161,0.837175086,0.849557522,0.840987654,0.789081886,0.885057471,0.893800813,0.919254658,0.898342541,0.842854993,0.053632867,1,0.96620979,0.966062842,0.965526875,0.966095068,0.967284502,0.971096976,0.970952275,0.970282153,0.969786171,0.969824019,0.968312067,0.002151127,0.752841867,0.775434624,0.836966388,0.849361959,0.840781167,0.788805632,0.884909268,0.893664827,0.919150733,0.898207786,0.842652825,0.053700237,1,0.966166763,0.966019643,0.965483036,0.9660518,0.967242763,0.971059937,0.970915343,0.970244359,0.969747744,0.969785674,0.968271706,0.002153861,0.125457074,0.125618881
RandomForestClassifier,35.13917415,2.562494517,18.60085731,8.551767551,gini,,sqrt,50,"{'criterion': 'gini', 'max_depth': None, 'max_features': 'sqrt', 'n_estimators': 50}",0.761396702,0.781569966,0.849435998,0.857423795,0.857283951,0.792555831,0.888055972,0.896341463,0.923913043,0.905524862,0.850027587,0.052961001,2,0.966265734,0.966118752,0.965526875,0.966206781,0.967396159,0.971152773,0.970952275,0.970337804,0.969786171,0.969879186,0.968362251,0.002139488,0.761097164,0.781292695,0.84924287,0.857238734,0.857098765,0.792284383,0.887911747,0.896208704,0.923815563,0.905399916,0.849834837,0.053027576,2,0.966222772,0.966075549,0.965483036,0.966163645,0.967354556,0.971115982,0.970915343,0.970300074,0.969747737,0.969840904,0.96832196,0.002142237,0.118334664,0.118487123
RandomForestClassifier,35.67614672,1.82135956,14.17390838,3.460653248,gini,,sqrt,60,"{'criterion': 'gini', 'max_depth': None, 'max_features': 'sqrt', 'n_estimators': 60}",0.767216295,0.794734276,0.856302109,0.861356932,0.864197531,0.799007444,0.893553223,0.899898374,0.923395445,0.908839779,0.855595125,0.050642656,1,0.966265734,0.966174662,0.965526875,0.966206781,0.967396159,0.971152773,0.970952275,0.970393455,0.969786171,0.969879186,0.968373407,0.00213888,0.766923349,0.794473423,0.856118204,0.861176942,0.864021316,0.798744885,0.89341616,0.899770196,0.923297158,0.908719189,0.855409504,0.050706399,1,0.966222768,0.966131524,0.965483036,0.966163646,0.967354556,0.971115989,0.970915343,0.97035581,0.96974774,0.969840905,0.968333132,0.002141632,0.112778282,0.112923627
